81,2015,15:45:00,0,1,22.72,12.58,53,5.91,Partly Cloudy,0,1
82,2015,18:00:00,1,0,24.96,14.95,54,6.48,Mostly Sunny,0,0
83,2015,18:00:00,2,2,16.19,14.62,90,9.85,Partly Cloudy,1,0
84,2015,18:00:00,2,4,23.67,13.08,51,11.62,Partly Cloudy,0,3
85,2015,18:00:00,3,1,21.11,8.29,44,21.32,Mostly Sunny,1,0
86,2015,20:30:00,2,2,20.59,12.9,61,11.11,Partly Cloudy,1,2
87,2015,16:30:00,2,2,12.03,10.46,90,5.56,Mostly Cloudy,1,1
88,2015,16:30:00,2,0,16.55,9.63,64,6.3,Partly Cloudy,1,0
89,2015,19:00:00,1,0,12.18,10.27,88,5.56,Rain Showers,0,0
90,2015,23:00:00,3,0,10.33,8.85,91,7.41,Clear,2,0
91,2015,22:45:00,1,0,4.87,1.71,80,18.13,Partly Cloudy,1,0
92,2015,15:45:00,3,0,6.45,4.66,88,12.13,Rain Showers,2,0
93,2015,18:00:00,3,1,6.3,3.78,84,14.82,Partly Cloudy,2,0
94,2015,18:00:00,0,2,7.87,6.79,93,7.9,Rain Showers,0,1
95,2015,18:00:00,2,2,7.37,4,79,8.33,Rain Showers,0,2
96,2015,18:00:00,0,0,6.73,5.1,89,8.98,Rain Showers,0,0
97,2015,18:00:00,2,1,7.81,3.96,77,8.33,Rain Showers,2,0
98,2015,16:30:00,2,1,12.34,4.47,59,8.16,Isolated Showers,1,1
99,2015,19:00:00,0,3,11.75,4.1,59,9.26,Rain Showers,0,1
100,2015,23:00:00,0,1,18.66,11.9,65,10.19,Mostly Cloudy,0,1
101,2015,15:45:00,0,0,15,7.47,61,5.56,Rain Showers,0,0
102,2015,18:00:00,1,1,13.52,10.25,81,9.11,Rain Showers,1,1
103,2015,18:00:00,1,1,11.93,9.68,86,11.11,Rain Showers,1,0
104,2015,18:00:00,1,2,13.84,9.38,75,5.56,Partly Cloudy,0,0
105,2015,18:00:00,1,1,11.15,8.54,84,5.56,Mostly Cloudy,0,0
106,2015,18:00:00,4,3,15.02,9.63,70,6.48,Sunny,2,0
107,2015,16:30:00,3,2,3.87,2.43,90,14.82,Isolated Showers,3,1
108,2015,19:00:00,2,0,3.27,2.68,96,13.89,Scattered Showers,0,0
109,2015,19:00:00,0,0,4.42,2.02,84,9.26,Isolated Showers,0,0
110,2015,23:00:00,0,0,12.64,11.46,93,5.56,Rain Showers,0,0
111,2015,15:45:00,1,0,9.13,2.83,65,28.67,Mostly Cloudy,0,0
112,2015,18:00:00,1,0,11.27,4.3,62,16.67,Partly Cloudy,1,0
113,2015,18:00:00,2,2,10.87,2.67,57,18.24,Mostly Cloudy,1,2
114,2015,18:00:00,1,1,13.77,4.16,52,9.26,Mostly Cloudy,0,1
115,2015,18:00:00,2,1,11.43,6.63,72,10.26,Cloudy,0,0
116,2015,18:00:00,3,0,16.17,4.63,46,7.44,Mostly Sunny,2,0
117,2015,18:00:00,0,2,13.04,3.27,52,9.26,Mostly Cloudy,0,0
118,2015,20:30:00,0,0,9.09,6.22,82,11.64,Rain Showers,0,0
119,2015,16:30:00,0,3,15.15,13.35,89,11.48,Isolated Showers,0,1
120,2015,19:00:00,1,2,14.87,13.59,92,12.92,Mostly Cloudy,0,0
121,2015,15:45:00,1,3,11.59,5.73,67,17.12,Rain Showers,1,2
122,2015,18:00:00,0,2,10.26,7.15,81,8.33,Mostly Clear,0,1
123,2015,18:00:00,1,0,8.97,5.45,79,9.65,Mostly Clear,0,0
124,2015,18:00:00,0,1,9.51,6.47,81,11.38,Mostly Cloudy,0,0
125,2015,18:00:00,0,0,8.42,6.05,85,12.18,Rain Showers,0,0
126,2015,18:00:00,1,3,7.95,6,88,22.07,Mostly Clear,0,1
127,2015,20:30:00,1,3,11.79,7.89,77,23.51,Rain Showers,0,0
128,2015,16:30:00,1,0,5.76,5.03,95,20.37,Cloudy,0,0
129,2015,19:00:00,2,3,8.34,8.14,99,23.06,Scattered Showers,1,0
130,2015,23:00:00,0,2,4.99,2.42,83,12.04,Rain Showers,0,1
131,2015,15:45:00,0,2,21.43,15.47,69,12.96,Mostly Cloudy,0,0
132,2015,18:00:00,2,1,19.67,16.1,80,21.45,Isolated Showers,2,0
133,2015,18:00:00,1,0,21.36,16.97,76,20.41,Rain Showers,1,0
134,2015,18:00:00,0,2,20.04,14.08,69,12.04,Rain Showers,0,2
135,2015,18:00:00,2,2,19.4,18.66,95,12.04,Rain Showers,0,2
136,2015,18:00:00,0,0,18.01,16.97,94,17.48,Rain Showers,0,0
137,2015,20:30:00,2,1,19.43,16.39,83,12.59,Rain Showers,2,1
138,2015,16:30:00,0,1,18.97,7.56,48,8.33,Rain Showers,0,0
139,2015,19:00:00,3,2,18.52,5.8,43,8.33,Mostly Sunny,1,1
140,2015,19:00:00,1,1,14.9,10.05,73,19,Partly Cloudy,0,0
141,2015,15:45:00,1,4,2.04,0.33,88,7.41,Snow Showers,1,1
142,2015,18:00:00,1,3,1.66,-1.63,79,12.04,Rain Showers,0,1
143,2015,18:00:00,1,2,1.16,-0.27,90,11.11,Snow Showers,0,1
144,2015,18:00:00,5,2,0.47,-1.68,85,12.72,Snow Showers,2,1
145,2015,18:00:00,2,3,2.34,-7.2,49,8.72,Mostly Cloudy,0,1
146,2015,18:00:00,0,3,1.78,-1.94,76,12.96,Cloudy,0,1
147,2015,18:00:00,2,2,1.71,0.52,92,8.33,Snow Showers,1,1
148,2015,20:30:00,2,2,2.23,-1.81,75,15,Snow Showers,0,1
149,2015,19:00:00,1,0,10.06,4.44,68,9.26,Mostly Clear,0,0
150,2015,23:00:00,3,2,9.63,7.15,85,7.41,Mostly Clear,0,1
151,2015,15:45:00,0,2,11.43,-0.94,42,4.45,Sunny,0,0
152,2015,18:00:00,1,0,7.04,-0.95,57,2.78,Mostly Sunny,0,0
153,2015,18:00:00,1,1,7.17,4.03,80,3.7,Mostly Sunny,1,1
154,2015,18:00:00,1,6,8.44,0.65,58,5.56,Sunny,1,1
155,2015,18:00:00,2,1,6.73,-1.16,57,6.83,Mostly Clear,1,0
156,2015,18:00:00,2,2,6.54,2.17,74,9.26,Mostly Clear,1,2
157,2015,20:30:00,3,1,5.43,1.41,75,9.26,Mostly Clear,1,1
158,2015,16:30:00,1,1,17.46,9.15,58,19.25,Mostly Sunny,1,1
159,2015,19:00:00,2,2,10.85,8.76,87,18.52,Rain Showers,1,2
160,2015,19:00:00,0,3,18.29,3.06,36,5.56,Mostly Sunny,0,3
161,2015,15:45:00,0,0,16.27,14.93,92,8.33,Isolated Showers,0,0
162,2015,18:00:00,2,2,19.57,13.13,66,5.56,Rain Showers,0,2
163,2015,18:00:00,0,1,15.22,14.7,97,11.11,Rain Showers,0,0
164,2015,18:00:00,0,2,15.75,13.9,89,6.48,Rain Showers,0,1
165,2015,18:00:00,3,1,15.57,14.4,93,6.48,Rain Showers,1,1
166,2015,18:00:00,3,0,15.45,9.45,67,11.59,Isolated Showers,2,0
167,2015,18:00:00,1,5,15.89,12.93,83,10.56,Isolated Showers,1,4
168,2015,20:30:00,3,0,15.69,15,96,5.56,Rain Showers,0,0
169,2015,19:00:00,2,6,11.22,9.24,88,11.02,Rain Showers,2,3
170,2015,23:00:00,1,0,15.67,15.18,97,20.38,Rain Showers,1,0
171,2015,18:00:00,2,1,9.42,9.08,98,8.33,Scattered Showers,0,0
172,2015,18:00:00,0,1,8.73,8.22,97,11.11,Scattered Showers,0,0
173,2015,18:00:00,1,2,12.2,11,92,14.82,Isolated Showers,0,1
174,2015,18:00:00,1,0,11.11,11.11,100,6.93,Scattered Showers,0,0
175,2015,18:00:00,2,0,8.91,7.97,94,7.41,Isolated Showers,1,0
176,2015,20:30:00,1,2,10.74,9.59,93,12.04,Scattered Showers,1,2
177,2015,16:00:00,0,3,8.16,6.32,88,12.96,Partly Cloudy,0,1
178,2015,18:05:00,5,1,9.33,6.13,80,10.19,Rain Showers,3,1
179,2015,18:05:00,0,0,9.42,8.22,92,12.04,Rain Showers,0,0
180,2015,20:15:00,1,1,8.91,0.32,55,12.46,Mostly Cloudy,0,0
188,2015,17:30:00,2,6,7.71,6.29,91,12.96,Partly Cloudy,1,1
189,2015,20:00:00,0,2,7.77,2.88,71,18.52,Rain Showers,0,0
190,2015,00:00:00,1,3,5.08,1.63,78,4.23,Mostly Cloudy,0,0
191,2015,16:45:00,1,0,21.83,15.47,67,12.96,Partly Cloudy,0,0
192,2015,19:00:00,1,2,18.35,12.56,69,5.56,Rain Showers,0,0
193,2015,19:00:00,0,2,15.7,12.66,82,17.23,Rain Showers,0,1
194,2015,19:00:00,0,1,23.16,11.19,47,10.9,Rain Showers,0,1
195,2015,19:00:00,1,1,23.32,10.02,43,6.48,Mostly Cloudy,1,2
196,2015,19:00:00,1,0,17.52,11.75,69,9.26,Cloudy,0,2
197,2015,21:30:00,0,1,14.88,14.42,97,14.82,Rain Showers,0,2
198,2015,17:30:00,0,0,19.87,9.18,50,6.08,Mostly Sunny,1,0
199,2015,20:00:00,1,1,18.62,14.12,75,1.85,Rain Showers,0,0
200,2015,20:00:00,2,1,15.65,14.59,93,9.5,Mostly Sunny,0,0
201,2015,16:45:00,2,1,21.71,10.41,49,9.26,Sunny,0,0
202,2015,19:00:00,2,2,17.56,12.24,71,11.45,Mostly Sunny,1,1
203,2015,19:00:00,1,0,16.05,8.44,61,7.41,Sunny,0,0
204,2015,19:00:00,1,2,15.91,11.62,76,8.66,Mostly Sunny,0,0
205,2015,19:00:00,3,0,16.22,8.24,59,13.15,Mostly Sunny,0,0
206,2015,19:00:00,0,4,17.76,10.6,63,10.99,Mostly Sunny,1,0
207,2015,19:00:00,0,1,16.66,9.04,61,5.56,Sunny,1,1
208,2015,21:30:00,4,1,14.53,10.06,75,14.82,Partly Cloudy,1,0
209,2015,20:00:00,1,4,11.41,7.92,79,7.41,Clear,2,2
210,2015,00:00:00,1,0,8.39,5.87,84,15.33,Mostly Clear,1,0
211,2015,19:00:00,0,2,10.66,6.42,75,10.19,Partly Cloudy,1,2
212,2015,19:00:00,3,2,13.09,4.2,55,16.67,Mostly Sunny,1,0
213,2015,19:00:00,3,3,12.21,5.43,63,12.04,Mostly Sunny,0,3
214,2015,19:00:00,1,5,13.94,5.71,58,7.43,Partly Cloudy,0,0
215,2015,19:00:00,1,3,12.33,4.45,59,17.96,Mostly Sunny,3,1
216,2015,21:30:00,1,1,7.52,3.79,77,8.33,Partly Cloudy,0,2
217,2015,16:00:00,0,0,19.01,8.7,51,22.22,Mostly Sunny,0,0
218,2015,18:05:00,1,1,18.87,8.81,52,14.57,Mostly Sunny,0,0
219,2015,20:15:00,0,1,18.16,7.83,51,9.69,Mostly Sunny,1,1
220,2015,20:15:00,1,1,11.75,8.03,78,11.43,Mostly Sunny,2,0
221,2015,16:45:00,0,2,12.95,2.96,51,31.03,Partly Cloudy,1,3
222,2015,19:00:00,3,0,12.29,7.01,70,16.34,Sunny,0,2
223,2015,19:00:00,0,2,16.17,4.56,46,10,Sunny,1,1
224,2015,19:00:00,1,1,13.85,6.19,60,9.26,Sunny,0,0
225,2015,19:00:00,1,3,16.7,0.17,33,6.48,Sunny,0,1
226,2015,19:00:00,0,0,13.46,7.06,65,22.22,Partly Cloudy,0,0
227,2015,19:00:00,1,1,16.37,4.81,46,12.96,Sunny,1,1
228,2015,21:30:00,1,0,11.17,4.18,62,11.11,Clear,0,2
229,2015,20:00:00,0,2,13.96,6.48,61,9.85,Mostly Sunny,2,0
230,2015,00:00:00,1,1,15.04,14.6,97,9.06,Clear,0,1
231,2015,16:45:00,1,1,12.26,9.02,81,40.7,Isolated Showers,1,1
232,2015,19:00:00,1,2,4.86,3.92,94,10.57,Rain Showers,1,1
233,2015,19:00:00,1,0,3.89,3.11,95,10.19,Rain Showers,0,0
234,2015,19:00:00,0,1,12.49,8.5,77,17.59,Rain Showers,1,0
235,2015,19:00:00,0,0,13.3,9.8,79,17.59,Rain Showers,0,0
236,2015,21:30:00,1,2,12.2,9.2,82,18.67,Rain Showers,0,0
237,2015,17:30:00,2,0,4.87,3.31,90,27.22,Isolated Showers,0,0
238,2015,20:00:00,2,2,5.25,3.2,87,14.82,Isolated Showers,1,0
239,2015,20:00:00,2,1,5.82,3.58,85,14.82,Mostly Cloudy,0,1
240,2015,00:00:00,1,2,3.55,1.57,87,7.13,Cloudy,1,0
241,2015,19:00:00,2,1,13.47,10.85,84,11.11,Partly Cloudy,0,1
242,2015,19:00:00,2,0,17.19,7.62,53,9.26,Isolated Showers,0,0
243,2015,19:00:00,2,1,14.12,10.27,78,9.15,Partly Cloudy,1,1
244,2015,19:00:00,1,3,15.78,13.49,86,11.11,Isolated Showers,2,0
245,2015,19:00:00,3,2,16.08,7.68,57,11.69,Mostly Sunny,1,1
246,2015,19:00:00,2,1,15.63,10.42,71,6.48,Mostly Sunny,0,1
247,2015,21:30:00,1,1,12.18,9.43,83,9.85,Mostly Clear,0,1
248,2015,17:30:00,0,3,25.08,13.52,49,14.82,Sunny,0,0
249,2015,20:00:00,0,0,17.37,14.89,85,10.23,Rain Showers,2,0
250,2015,00:00:00,1,2,10.61,7.38,80,3.7,Rain Showers,1,0
251,2015,16:45:00,0,2,2.3,1.97,98,16.12,Snow Showers,0,2
252,2015,19:00:00,0,1,3.5,0.36,80,20.37,Mostly Clear,1,1
253,2015,19:00:00,0,3,4.69,3.55,92,13.89,Rain Showers,1,0
254,2015,19:00:00,1,1,2.75,1.72,93,21.21,Snow Showers,0,1
255,2015,19:00:00,0,0,4.44,-0.32,71,19.45,Rain Showers,0,2
256,2015,19:00:00,2,2,4.36,3.32,93,13.89,Rain Showers,0,0
257,2015,19:00:00,0,1,3.47,-4.3,57,14.88,Rain Showers,0,2
258,2015,19:00:00,1,4,3.39,1.54,88,14.82,Snow Showers,0,2
259,2015,21:30:00,1,0,4.19,3.09,93,26.3,Rain Showers,0,1
260,2015,23:45:00,0,4,2.18,-0.55,82,9.01,Snow Showers,0,2
261,2015,19:00:00,0,1,9.68,8.32,91,7.41,Rain Showers,1,0
262,2015,19:00:00,2,1,14.4,8.21,66,14.82,Mostly Cloudy,0,0
263,2015,19:00:00,0,2,12.99,7.01,67,21.9,Rain Showers,1,1
264,2015,19:00:00,0,0,13.84,6.39,61,5.56,Mostly Cloudy,0,0
265,2015,19:00:00,4,3,9.9,-0.43,49,12.79,Partly Cloudy,0,3
266,2015,21:30:00,0,2,12.39,7.06,70,11.5,Rain Showers,0,0
267,2015,21:30:00,0,0,5.59,4.07,90,18.52,Mostly Clear,0,1
268,2015,21:30:00,1,2,12.84,7.01,68,10.99,Rain Showers,0,0
269,2015,23:45:00,0,0,9.45,7.49,88,5.56,Partly Cloudy,1,1
270,2015,23:45:00,1,0,13.7,10.6,82,12.04,Partly Cloudy,0,1
271,2015,16:45:00,0,2,13.91,8.89,72,16.67,Rain Showers,0,0
272,2015,19:00:00,1,2,8.77,3.96,72,14.82,Mostly Cloudy,2,1
273,2015,19:00:00,0,1,12.68,7.05,69,13.89,Partly Cloudy,0,1
274,2015,19:00:00,0,0,8.72,3.81,71,40.04,Partly Cloudy,0,0
275,2015,19:00:00,1,2,10.23,4.41,67,28.48,Cloudy,1,0
276,2015,19:00:00,0,1,11.28,5.48,67,41.11,Mostly Clear,0,0
277,2015,19:00:00,1,3,7.72,2.07,67,24.08,Partly Cloudy,0,0
278,2015,21:30:00,2,1,10,5.23,72,16.67,Mostly Clear,0,1
279,2015,17:30:00,3,0,10.78,7.07,78,12.96,Rain Showers,0,0
280,2015,20:00:00,1,1,8.24,3.79,74,17.72,Isolated Showers,0,0
281,2015,23:45:00,3,3,7.12,6.93,99,28.27,Mostly Clear,0,0
282,2015,23:45:00,0,1,-0.15,-0.23,99,3.7,Mostly Clear,0,0
283,2015,23:45:00,3,1,-2.23,-5.02,81,3.7,Mostly Clear,0,0
284,2015,23:45:00,0,2,5.57,4.78,95,8.33,Rain Showers,0,1
285,2015,23:45:00,1,3,7.71,6.01,89,18.52,Rain Showers,0,0
286,2015,23:45:00,4,2,8.61,8.42,99,11.11,Rain Showers,1,0
287,2015,23:45:00,2,2,5.9,4.37,90,9.26,Rain Showers,1,1
288,2015,23:45:00,0,0,8.38,6.34,87,11.11,Rain Showers,2,1
289,2015,00:00:00,3,3,8.32,3.04,69,9.26,Isolated Showers,0,0
290,2015,00:00:00,1,0,7.88,7.34,96,8.33,Rain Showers,0,1
291,2015,16:45:00,1,4,14.68,6.48,58,6.62,Mostly Sunny,0,1
292,2015,19:00:00,0,4,11.73,7.51,75,8.98,Mostly Cloudy,0,0
293,2015,19:00:00,1,2,10.72,7.71,82,9.26,Mostly Sunny,1,2
294,2015,19:00:00,0,3,10.72,7.98,83,11.11,Partly Cloudy,1,1
295,2015,19:00:00,3,3,12.46,8.23,75,4.63,Mostly Sunny,0,0
296,2015,19:00:00,0,3,12.18,8.05,76,5.56,Partly Cloudy,2,2
297,2015,21:30:00,1,1,9.43,6.79,84,13.21,Mostly Clear,0,0
298,2015,18:05:00,1,0,15.87,8.96,64,6.98,Mostly Sunny,1,1
299,2015,20:15:00,0,0,12.05,7.51,74,7.52,Partly Cloudy,0,2
300,2015,00:00:00,0,1,14.36,12.42,88,13.61,Rain Showers,0,2
301,2015,16:45:00,5,4,12.12,7.87,75,14.82,Cloudy,0,2
302,2015,19:00:00,3,1,8.81,6.57,86,9.26,Mostly Cloudy,0,0
303,2015,19:00:00,1,0,7.43,6.76,96,11.11,Mostly Clear,0,1
304,2015,19:00:00,0,3,8.51,7.61,94,9.26,Partly Cloudy,1,0
305,2015,19:00:00,0,0,7.78,6.69,93,9.26,Clear,0,0
306,2015,19:00:00,1,1,11.01,8.61,85,24.08,Partly Cloudy,0,0
307,2015,19:00:00,1,2,8.54,6.62,88,9.26,Mostly Cloudy,0,1
308,2015,21:30:00,2,2,7.09,6.01,93,7.41,Partly Cloudy,1,2
309,2015,17:30:00,2,1,4.46,-3.88,55,7.41,Mostly Clear,0,1
310,2015,20:00:00,1,0,4.37,2.28,86,16.92,Rain Showers,0,0
311,2015,23:45:00,0,0,9.58,4.23,69,13.89,Partly Cloudy,0,1
312,2015,23:45:00,0,2,7.67,-2.14,50,15.56,Partly Cloudy,0,0
313,2015,23:45:00,3,0,10.46,8.72,89,30.64,Partly Cloudy,1,1
314,2015,23:45:00,1,0,6.61,1.1,68,25.93,Mostly Clear,0,0
315,2015,23:45:00,0,2,10.01,4.18,67,13.89,Partly Cloudy,1,1
316,2015,00:00:00,2,1,7.18,3.97,80,12.04,Rain Showers,2,1
317,2015,00:00:00,0,3,5.23,2.21,81,7.94,Mostly Cloudy,1,0
318,2015,00:00:00,1,1,3.47,2.3,92,9.37,Rain Showers,0,0
319,2015,23:45:00,0,3,3.64,0.17,78,13.47,Mostly Cloudy,0,0
320,2015,23:45:00,0,0,7.83,5.22,84,12.96,Rain Showers,2,0
321,2015,16:45:00,3,1,19.08,7.55,47,8.52,Mostly Sunny,1,0
322,2015,19:00:00,0,1,10.69,5.46,70,17.65,Partly Cloudy,0,0
323,2015,19:00:00,3,0,13.03,9.07,77,5.56,Mostly Sunny,1,1
324,2015,19:00:00,0,1,11.48,8.84,84,9.26,Cloudy,0,2
325,2015,19:00:00,1,1,17.92,12,68,5.56,Sunny,0,0
326,2015,19:00:00,0,2,12.37,8.24,76,16.63,Partly Cloudy,0,1
327,2015,19:00:00,2,2,15.96,8.66,62,11.11,Mostly Sunny,0,0
328,2015,21:30:00,0,1,11.19,6.13,71,7.41,Mostly Cloudy,1,0
329,2015,17:30:00,2,0,20.01,9.6,51,12.96,Partly Cloudy,0,1
330,2015,20:00:00,1,1,16.94,9.12,60,7.53,Partly Cloudy,3,0
331,2015,16:45:00,1,2,2.25,0.1,86,13.89,Clear,0,0
332,2015,19:00:00,1,0,-0.13,-2.02,87,9.26,Clear,0,1
333,2015,19:00:00,2,2,-0.17,-1.06,94,12.23,Mostly Clear,0,1
334,2015,19:00:00,1,0,2.55,-4.16,61,6.48,Clear,0,0
335,2015,19:00:00,2,1,-0.28,-2.1,87,12.96,Clear,0,1
336,2015,19:00:00,3,1,1.08,-2.45,77,9.26,Clear,2,0
337,2015,21:30:00,1,5,-1.59,-2.49,94,11.11,Clear,0,0
338,2015,16:00:00,1,2,11.58,9.2,85,15.74,Rain Showers,1,1
339,2015,18:05:00,6,0,10.78,8.22,84,31.48,Mostly Cloudy,0,0
340,2015,20:15:00,2,1,11.19,7.2,76,21.3,Rain Showers,0,0
341,2015,16:45:00,0,1,-1.08,-2.18,92,12.04,Snow Showers,1,0
342,2015,19:00:00,0,0,-1.16,-1.95,94,12.04,Snow Showers,1,1
343,2015,19:00:00,0,1,-3.35,-4.77,90,20.22,Snow Showers,1,0
344,2015,19:00:00,2,1,-0.89,-4.35,77,13.89,Rain Showers,0,3
345,2015,19:00:00,1,2,-1.75,-3.81,86,15.74,Snow Showers,1,0
346,2015,21:30:00,2,3,-3.19,-3.55,97,14.82,Light Snow,2,0
347,2015,18:05:00,1,2,10.36,8.75,90,9.26,Cloudy,0,0
348,2015,18:05:00,2,3,7.6,7.53,100,12.96,Isolated Showers,0,1
349,2015,23:45:00,3,1,8.63,8.63,100,4.26,Rain Showers,0,0
350,2015,23:45:00,0,2,8.31,4.09,75,17.59,Rain Showers,0,0
351,2015,23:45:00,2,2,7.7,7.53,99,9.28,Rain Showers,0,1
352,2015,23:45:00,2,2,7.94,7.24,95,14.82,Isolated Showers,0,0
353,2015,23:45:00,2,1,9.38,9.38,100,6.48,Rain Showers,0,3
354,2015,23:45:00,0,1,5.61,2.4,80,7.41,Mostly Clear,1,0
355,2015,23:45:00,2,1,5.32,2.39,81,7.41,Mostly Clear,1,2
356,2015,23:45:00,0,1,2.43,0.75,89,7.41,Partly Cloudy,2,0
357,2015,00:00:00,0,3,6.33,2.35,76,27.56,Isolated Showers,0,1
358,2015,00:00:00,0,1,5.66,0.92,72,20.6,Rain Showers,1,2
359,2015,16:45:00,2,2,14.54,2.89,45,5.56,Cloudy,0,1
360,2015,19:00:00,1,1,13.96,1.76,44,6.67,Mostly Sunny,2,0
361,2015,19:00:00,0,1,11.09,6.25,72,14.87,Partly Cloudy,0,1
362,2015,19:00:00,1,1,13.26,4.52,55,3.7,Mostly Cloudy,1,1
363,2015,19:00:00,3,2,12.72,5.02,59,8.92,Partly Cloudy,0,0
364,2015,19:00:00,0,4,12.31,1.73,48,5.56,Cloudy,0,2
365,2015,19:00:00,3,1,10.17,3.19,62,19.45,Mostly Sunny,0,0
366,2015,21:30:00,1,0,9.04,4.99,76,7.41,Partly Cloudy,1,0
367,2015,17:30:00,2,1,13.67,9.86,78,5.56,Rain Showers,0,0
368,2015,20:00:00,0,1,15.21,10.82,75,7.41,Rain Showers,0,0
369,2015,16:45:00,0,0,5.83,2.94,82,9.47,Mostly Cloudy,0,1
370,2015,19:00:00,2,1,5,2.47,84,12.96,Partly Cloudy,0,1
371,2015,19:00:00,2,3,4.36,-0.94,68,16.67,Clear,0,0
372,2015,20:00:00,2,0,4.77,2.08,83,16.21,Rain Showers,1,0
373,2015,00:00:00,0,1,8.37,6.29,87,24.71,Mostly Cloudy,0,0
374,2015,16:45:00,2,0,18.41,10.73,61,13.12,Partly Cloudy,0,0
375,2015,19:00:00,1,0,22.78,11.42,49,7.45,Mostly Sunny,0,0
376,2015,19:00:00,2,2,23.99,13.96,53,9.68,Mostly Sunny,0,0
377,2015,19:00:00,2,1,23.19,14.05,56,7.41,Rain Showers,2,0
378,2015,19:00:00,1,0,19.97,13.74,67,7.41,Partly Cloudy,1,1
379,2015,21:30:00,0,1,16.66,15.02,90,9.26,Rain Showers,1,0
380,2015,17:30:00,2,3,19.39,12.73,65,16.17,Rain Showers,0,1
381,2015,17:30:00,1,1,19.1,12.96,68,29.94,Mostly Sunny,2,0
382,2015,20:00:00,1,0,17.28,14.16,82,10.19,Rain Showers,1,0
383,2015,20:00:00,0,3,18.54,13.81,74,14.29,Rain Showers,1,1
384,2015,15:45:00,4,0,11.33,8.86,85,14.05,Partly Cloudy,1,0
385,2015,18:00:00,0,4,11.84,8.86,82,12.96,Mostly Clear,0,0
386,2015,18:00:00,4,0,10.75,7.61,81,11.11,Rain Showers,0,0
387,2015,18:00:00,2,3,7.99,5.44,84,3.92,Rain Showers,2,0
388,2015,18:00:00,2,2,9.44,9.29,99,14.82,Rain Showers,1,0
389,2015,18:00:00,0,0,8.07,6.53,90,14.82,Mostly Cloudy,1,0
390,2015,18:00:00,2,2,12.2,8.88,80,12.96,Mostly Clear,0,2
391,2015,20:30:00,1,1,9.99,7.97,87,9.26,Isolated Showers,2,0
392,2015,16:30:00,0,1,1.98,-0.76,82,3.89,Partly Cloudy,0,2
393,2015,19:00:00,0,1,3.95,2.27,89,8.33,Rain Showers,3,0
394,2015,15:45:00,3,3,20.05,13.71,67,7.41,Rain Showers,0,1
395,2015,18:00:00,1,1,19.47,14.27,72,9.26,Mostly Cloudy,0,1
396,2015,18:00:00,1,3,18.3,12.4,68,8.15,Partly Cloudy,0,0
397,2015,18:00:00,0,1,18.15,14.76,81,12.96,Rain Showers,1,2
398,2015,18:00:00,2,1,18.42,12.31,68,13.45,Rain Showers,0,0
399,2015,18:00:00,0,1,18.78,13.05,69,6.86,Mostly Cloudy,0,1
400,2015,20:30:00,1,2,15.51,11.98,80,5.56,Mostly Clear,0,0
401,2015,16:30:00,2,0,15,12.14,83,12.96,Partly Cloudy,2,2
402,2015,19:00:00,0,3,15.19,11.39,78,9.26,Mostly Clear,1,1
403,2015,19:00:00,1,4,16.09,7.21,56,11.04,Mostly Clear,0,2
404,2015,23:00:00,0,0,-1.81,-4.92,79,14.82,Mostly Clear,0,1
405,2015,15:45:00,3,0,11.8,8.54,80,16.67,Rain Showers,1,0
406,2015,18:00:00,0,1,12.4,4.44,58,11.11,Mostly Cloudy,0,0
407,2015,18:00:00,1,1,11.74,5.78,67,15.24,Mostly Sunny,1,1
408,2015,18:00:00,0,3,11.23,4.21,62,18.92,Partly Cloudy,0,0
409,2015,18:00:00,1,0,10.89,5.02,67,10.69,Mostly Sunny,0,0
410,2015,20:30:00,3,0,10.82,9.22,90,5.56,Rain Showers,1,2
411,2015,16:30:00,2,2,13.43,6.08,61,13.15,Mostly Sunny,0,0
412,2015,16:30:00,2,1,15.55,5.49,51,11.19,Partly Cloudy,1,0
413,2015,19:00:00,1,1,10.98,6.97,76,13.78,Rain Showers,0,1
414,2015,23:00:00,4,0,10.14,8.3,88,9.26,Mostly Clear,0,0
415,2015,22:45:00,1,1,12.33,12.27,100,14.63,Rain Showers,0,1
416,2015,22:45:00,1,3,17.28,13.43,78,7.41,Mostly Clear,1,0
417,2015,23:00:00,0,2,14.02,10.88,81,7.41,Mostly Clear,1,0
418,2015,23:00:00,0,4,15.63,4.38,47,6.37,Mostly Clear,0,1
419,2015,22:45:00,0,2,17.63,15.8,89,5.56,Rain Showers,2,0
420,2015,15:45:00,0,4,6.32,4.41,88,18.52,Sunny,0,1
421,2015,18:00:00,4,2,5.41,4.37,93,9.26,Mostly Clear,1,0
422,2015,18:00:00,4,1,10.01,6.29,78,27.78,Mostly Cloudy,1,1
423,2015,18:00:00,2,2,7.3,4.5,82,14.82,Partly Cloudy,0,2
424,2015,17:05:00,0,0,6.7,5.45,92,12.04,Partly Cloudy,0,1
425,2015,19:15:00,0,4,6.64,5.11,90,6.48,Rain Showers,0,2
426,2015,23:00:00,1,1,6.32,4.43,88,16.67,Mostly Cloudy,0,2
433,2015,15:00:00,1,3,8.05,6.97,93,7.62,Isolated Showers,0,2
434,2015,17:05:00,1,1,8.03,6.87,92,7.41,Rain Showers,2,1
435,2015,19:30:00,2,4,5.39,4.96,97,9.26,Mostly Clear,2,1
436,2015,23:00:00,2,2,9.12,6.71,85,15.74,Rain Showers,0,2
437,2015,15:45:00,1,0,18.45,11.37,63,12.86,Partly Cloudy,0,0
438,2015,18:00:00,1,2,21.37,9.73,47,8.16,Rain Showers,0,2
439,2015,18:00:00,4,1,20.01,10.11,53,5.8,Rain Showers,0,1
440,2015,18:00:00,0,0,16.7,8.37,58,16.67,Mostly Cloudy,0,0
441,2015,18:00:00,1,1,22.21,8.36,41,8.33,Partly Cloudy,0,0
442,2015,18:00:00,2,3,16.11,11.31,73,16.67,Mostly Sunny,1,1
443,2015,20:30:00,1,3,12.73,7.8,72,11.11,Partly Cloudy,1,1
444,2015,16:30:00,2,1,22.81,11.92,50,4.63,Rain Showers,2,0
445,2015,19:00:00,0,2,17.98,12.15,69,6.04,Partly Cloudy,0,0
446,2015,19:00:00,2,2,20.19,11.36,57,7.41,Mostly Cloudy,0,2
447,2015,23:30:00,2,3,14.43,10.79,79,6.48,Clear,1,1
448,2015,22:45:00,2,4,4.87,2.92,87,19.85,Isolated Showers,1,2
449,2015,22:45:00,0,3,4.65,2.52,86,17.59,Isolated Showers,2,0
450,2015,23:00:00,1,1,4.75,-0.01,71,10.19,Mostly Cloudy,0,0
451,2015,18:00:00,0,4,6.94,4.9,87,17.37,Rain Showers,1,0
452,2015,18:00:00,1,1,5.94,4.49,90,13.48,Rain Showers,2,0
453,2015,18:00:00,0,3,4.41,-1.04,68,13.68,Isolated Showers,0,0
454,2015,18:00:00,1,5,5.1,2.35,82,3.8,Mostly Clear,1,0
455,2015,18:00:00,1,4,6.65,4.65,87,18.52,Isolated Showers,2,1
456,2015,18:00:00,1,2,4.12,3.02,93,14.82,Isolated Showers,0,2
457,2015,18:00:00,1,1,6.88,5.43,90,21.3,Rain Showers,1,1
458,2015,18:00:00,2,2,6.16,4.77,91,9.26,Rain Showers,0,1
459,2015,18:00:00,1,1,5.59,4.3,91,6.51,Rain Showers,1,1
460,2015,23:00:00,1,3,8.5,3.58,71,11.11,Mostly Clear,0,1
461,2016,15:30:00,1,2,7.86,6.61,92,4.63,Sunny,1,3
462,2016,18:00:00,1,0,8.58,7.83,95,3.7,Rain Showers,0,2
463,2016,18:00:00,1,1,8.83,3.38,69,7.41,Mostly Cloudy,1,0
464,2016,18:00:00,1,0,6.76,6.53,98,5.56,Rain Showers,0,1
465,2016,18:00:00,1,1,5.66,5.14,96,4.63,Mostly Cloudy,0,0
466,2016,18:00:00,1,1,9.37,9.08,98,3.7,Rain Showers,0,2
467,2016,20:30:00,1,2,8.07,7.8,98,11.11,Mostly Cloudy,0,2
468,2016,16:30:00,3,1,6.64,2.21,73,4.63,Rain Showers,0,1
469,2016,19:00:00,4,3,3.26,0.29,81,5.56,Cloudy,1,0
470,2016,23:00:00,1,2,8.42,7.57,94,11.11,Mostly Cloudy,1,1
471,2016,23:00:00,0,2,15.94,11.06,73,1.85,Mostly Clear,1,0
472,2016,15:30:00,4,1,14.85,13.11,89,16.67,Partly Cloudy,1,1
473,2016,18:00:00,0,2,11.61,10.47,93,14.82,Isolated Showers,0,1
474,2016,18:00:00,2,0,16.06,11.14,73,8.62,Mostly Cloudy,0,1
475,2016,18:00:00,0,1,15.24,12.3,83,14.87,Rain Showers,0,0
476,2016,18:00:00,2,1,14.41,12.55,89,6.48,Rain Showers,0,1
477,2016,18:00:00,2,1,15.21,11.4,78,14.82,Mostly Cloudy,0,0
478,2016,20:30:00,0,0,11.6,10.72,94,7.41,Isolated Showers,0,1
479,2016,16:30:00,2,1,15.79,10.81,72,9.26,Partly Cloudy,1,0
480,2016,19:00:00,0,1,13.98,11.79,87,13.89,Mostly Cloudy,0,1
481,2016,15:30:00,1,1,9.01,0.89,57,10.48,Mostly Sunny,1,0
482,2016,18:00:00,3,1,7.55,1.02,63,6.53,Mostly Clear,1,1
483,2016,18:00:00,1,2,5.62,2.95,83,8.98,Mostly Cloudy,0,0
484,2016,18:00:00,1,1,7.37,-0.03,59,9.75,Mostly Clear,0,1
485,2016,18:00:00,0,3,7.59,1.15,64,9.02,Mostly Clear,2,0
486,2016,18:00:00,1,1,6.8,-1.58,55,14.82,Mostly Clear,0,2
487,2016,18:00:00,0,1,5.71,-2.86,54,9.6,Mostly Cloudy,0,0
488,2016,20:30:00,1,0,5.06,2.7,85,7.16,Mostly Cloudy,0,0
489,2016,16:30:00,0,0,11.3,6.11,70,3.7,Rain Showers,0,0
490,2016,19:00:00,1,3,13.98,6.94,63,7.41,Rain Showers,1,1
491,2016,15:30:00,2,1,13.29,6.21,62,7.41,Mostly Sunny,0,0
492,2016,18:00:00,2,1,11.26,8,80,4.63,Mostly Sunny,2,0
493,2016,18:00:00,4,0,11.32,6.81,74,6.32,Rain Showers,0,0
494,2016,18:00:00,1,2,12.45,7.88,74,4.63,Rain Showers,1,0
495,2016,18:00:00,0,1,13.87,6.78,62,7.41,Mostly Sunny,3,0
496,2016,18:00:00,1,1,9.33,6.81,84,9.26,Rain Showers,0,1
497,2016,18:00:00,4,2,12.82,7.87,72,4.63,Mostly Sunny,0,0
498,2016,20:30:00,1,4,10.85,1.86,54,7.41,Mostly Clear,0,2
499,2016,19:00:00,2,2,6.67,5.41,92,22.22,Clear,1,0
500,2016,23:00:00,3,0,10.49,8.41,87,22.22,Partly Cloudy,0,0
501,2016,23:00:00,2,1,12.51,8.84,78,8.33,Mostly Clear,0,0
502,2016,18:00:00,4,1,9.94,3.26,63,3.83,Mostly Cloudy,0,0
503,2016,18:00:00,0,3,10.47,4.6,67,9.26,Mostly Cloudy,0,2
504,2016,18:00:00,0,4,20.09,3.04,32,2.78,Mostly Sunny,2,1
505,2016,18:00:00,2,4,12.56,4.52,58,4.63,Partly Cloudy,1,1
506,2016,20:30:00,1,3,9.93,4.76,70,6.13,Mostly Clear,1,0
507,2016,15:00:00,1,3,20.27,12.35,60,14.35,Isolated Showers,1,1
508,2016,17:15:00,1,4,19.5,11.38,59,10.19,Rain Showers,0,0
509,2016,17:15:00,0,1,19.44,10.1,55,15.6,Partly Cloudy,0,0
510,2016,19:30:00,0,1,18.88,11.43,62,5.56,Mostly Sunny,2,2
511,2016,15:30:00,1,4,1.37,1.07,98,6.48,Light Snow,1,2
512,2016,18:00:00,2,1,0.3,-2.46,82,7.41,Mostly Clear,1,0
513,2016,18:00:00,1,1,0.54,0.22,98,16.67,Snow Showers,0,0
514,2016,18:00:00,3,2,0.7,-2,82,11,Clear,2,0
515,2016,15:00:00,3,1,2.66,1.78,94,11.11,Cloudy,1,0
516,2016,18:00:00,1,5,1.97,-3.58,67,7.41,Rain Showers,0,1
517,2016,18:00:00,0,1,2.74,-1.82,72,7.41,Rain Showers,0,2
518,2016,20:30:00,0,3,2.11,-2.04,74,13.05,Mostly Clear,0,3
519,2016,19:00:00,3,0,6.71,5.61,93,6.48,Rain Showers,1,3
520,2016,23:00:00,0,2,-0.35,-1.62,91,11.11,Mostly Clear,0,1
522,2016,15:30:00,2,1,7,4.8,86,17.33,Isolated Showers,0,2
523,2016,18:00:00,1,1,4.9,2.78,86,35.19,Partly Cloudy,0,0
524,2016,18:00:00,2,0,4.1,2.36,88,25.93,Partly Cloudy,0,0
525,2016,18:00:00,2,2,5.61,3.9,89,8.33,Partly Cloudy,0,4
526,2016,18:00:00,1,1,5.64,3.24,85,7.41,Mostly Clear,2,0
527,2016,15:00:00,1,1,7.85,1.19,63,17.13,Mostly Sunny,0,0
528,2016,17:15:00,0,0,4.61,-2.85,58,8.33,Sunny,0,1
529,2016,17:15:00,0,2,7.28,2.12,70,8.04,Partly Cloudy,1,1
530,2016,19:30:00,1,0,1.84,0.56,91,16.67,Partly Cloudy,0,3
531,2016,15:30:00,0,3,11.28,9.48,89,12.96,Mostly Cloudy,0,1
532,2016,18:00:00,2,3,11.5,9.42,87,10.13,Rain Showers,0,3
533,2016,18:00:00,1,6,10.58,8.61,88,12.96,Rain Showers,1,0
534,2016,18:00:00,1,1,11.72,9.43,86,9.26,Mostly Cloudy,0,1
535,2016,18:00:00,0,2,10.6,8.49,87,11.11,Mostly Cloudy,0,1
536,2016,18:00:00,1,1,10.86,8.74,87,9.26,Rain Showers,0,1
537,2016,20:30:00,1,0,9.62,7.87,89,6.48,Rain Showers,1,0
538,2016,16:30:00,1,0,11.09,1.4,51,4.63,Rain Showers,0,0
539,2016,19:00:00,1,3,11.77,1.23,48,8.33,Mostly Sunny,1,0
540,2016,23:00:00,0,0,9.75,0.24,52,7.41,Mostly Clear,0,0
541,2016,15:30:00,0,0,16.68,13.55,82,12.96,Rain Showers,0,0
542,2016,18:00:00,0,1,16.1,13.19,83,8.33,Rain Showers,0,0
543,2016,18:00:00,0,0,15.22,12.79,85,12.04,Rain Showers,0,2
544,2016,18:00:00,1,3,14.56,10.56,77,12.42,Rain Showers,0,0
545,2016,18:00:00,2,0,16.72,11.27,70,8.33,Rain Showers,0,2
546,2016,18:00:00,1,2,12.28,9.64,84,10.19,Rain Showers,1,2
547,2016,18:00:00,0,0,15.89,13.09,83,8.33,Rain Showers,1,3
548,2016,20:30:00,1,2,13.32,4.01,53,9.26,Rain Showers,0,0
549,2016,16:30:00,1,1,9.02,5.04,76,12.04,Rain Showers,0,2
550,2016,19:00:00,0,4,6.24,2.46,77,14.82,Partly Cloudy,0,0
521,2016,23:00:00,1,1,12.8787619,7.316987013,71.96796537,9.863056277,NULL,1,0
183,2015,19:00:00,1,2,12.8787619,7.316987013,71.96796537,9.863056277,NULL,0,0
429,2015,18:00:00,1,2,12.8787619,7.316987013,71.96796537,9.863056277,NULL,0,0
430,2015,18:00:00,2,3,12.8787619,7.316987013,71.96796537,9.863056277,NULL,0,0
181,2015,16:45:00,3,1,12.8787619,7.316987013,71.96796537,9.863056277,NULL,0,0
431,2015,18:00:00,3,0,12.8787619,7.316987013,71.96796537,9.863056277,NULL,0,0
186,2015,19:00:00,0,2,12.8787619,7.316987013,71.96796537,9.863056277,NULL,0,0
428,2015,18:00:00,0,1,12.8787619,7.316987013,71.96796537,9.863056277,NULL,0,1
187,2015,19:00:00,3,2,12.8787619,7.316987013,71.96796537,9.863056277,NULL,1,0
184,2015,19:00:00,0,0,12.8787619,7.316987013,71.96796537,9.863056277,NULL,0,1
427,2015,18:00:00,1,1,12.8787619,7.316987013,71.96796537,9.863056277,NULL,0,0
185,2015,19:00:00,3,0,12.8787619,7.316987013,71.96796537,9.863056277,NULL,0,2
432,2015,20:30:00,0,1,12.8787619,7.316987013,71.96796537,9.863056277,NULL,1,0
182,2015,19:00:00,0,0,12.8787619,7.316987013,71.96796537,9.863056277,NULL,0,2
