gameID,Time,season,homeGoals,awayGoals,temp,dewPointC,humidity,windSpeedKPH,weather,HTGoalsHome,HTGoalsAway
81,15:45:00,2015,1,0,22.72,12.58,53,5.91,Partly Cloudy,1,0
82,18:00:00,2015,0,1,24.96,14.95,54,6.48,Mostly Sunny,0,0
83,18:00:00,2015,2,2,16.19,14.62,90,9.85,Partly Cloudy,0,1
84,18:00:00,2015,4,2,23.67,13.08,51,11.62,Partly Cloudy,3,0
85,18:00:00,2015,1,3,21.11,8.29,44,21.32,Mostly Sunny,0,1
86,20:30:00,2015,2,2,20.59,12.9,61,11.11,Partly Cloudy,2,1
87,16:30:00,2015,2,2,12.03,10.46,90,5.56,Mostly Cloudy,1,1
88,16:30:00,2015,0,2,16.55,9.63,64,6.3,Partly Cloudy,0,1
89,19:00:00,2015,0,1,12.18,10.27,88,5.56,Rain Showers,0,0
90,23:00:00,2015,0,3,10.33,8.85,91,7.41,Clear,0,2
91,22:45:00,2015,0,1,4.87,1.71,80,18.13,Partly Cloudy,0,1
92,15:45:00,2015,0,3,6.45,4.66,88,12.13,Rain Showers,0,2
93,18:00:00,2015,1,3,6.3,3.78,84,14.82,Partly Cloudy,0,2
94,18:00:00,2015,2,0,7.87,6.79,93,7.9,Rain Showers,1,0
95,18:00:00,2015,2,2,7.37,4,79,8.33,Rain Showers,2,0
96,18:00:00,2015,0,0,6.73,5.1,89,8.98,Rain Showers,0,0
97,18:00:00,2015,1,2,7.81,3.96,77,8.33,Rain Showers,0,2
98,16:30:00,2015,1,2,12.34,4.47,59,8.16,Isolated Showers,1,1
99,19:00:00,2015,3,0,11.75,4.1,59,9.26,Rain Showers,1,0
100,23:00:00,2015,1,0,18.66,11.9,65,10.19,Mostly Cloudy,1,0
101,15:45:00,2015,0,0,15,7.47,61,5.56,Rain Showers,0,0
102,18:00:00,2015,1,1,13.52,10.25,81,9.11,Rain Showers,1,1
103,18:00:00,2015,1,1,11.93,9.68,86,11.11,Rain Showers,0,1
104,18:00:00,2015,2,1,13.84,9.38,75,5.56,Partly Cloudy,0,0
105,18:00:00,2015,1,1,11.15,8.54,84,5.56,Mostly Cloudy,0,0
106,18:00:00,2015,3,4,15.02,9.63,70,6.48,Sunny,0,2
107,16:30:00,2015,2,3,3.87,2.43,90,14.82,Isolated Showers,1,3
108,19:00:00,2015,0,2,3.27,2.68,96,13.89,Scattered Showers,0,0
109,19:00:00,2015,0,0,4.42,2.02,84,9.26,Isolated Showers,0,0
110,23:00:00,2015,0,0,12.64,11.46,93,5.56,Rain Showers,0,0
111,15:45:00,2015,0,1,9.13,2.83,65,28.67,Mostly Cloudy,0,0
112,18:00:00,2015,0,1,11.27,4.3,62,16.67,Partly Cloudy,0,1
113,18:00:00,2015,2,2,10.87,2.67,57,18.24,Mostly Cloudy,2,1
114,18:00:00,2015,1,1,13.77,4.16,52,9.26,Mostly Cloudy,1,0
115,18:00:00,2015,1,2,11.43,6.63,72,10.26,Cloudy,0,0
116,18:00:00,2015,0,3,16.17,4.63,46,7.44,Mostly Sunny,0,2
117,18:00:00,2015,2,0,13.04,3.27,52,9.26,Mostly Cloudy,0,0
118,20:30:00,2015,0,0,9.09,6.22,82,11.64,Rain Showers,0,0
119,16:30:00,2015,3,0,15.15,13.35,89,11.48,Isolated Showers,1,0
120,19:00:00,2015,2,1,14.87,13.59,92,12.92,Mostly Cloudy,0,0
121,15:45:00,2015,3,1,11.59,5.73,67,17.12,Rain Showers,2,1
122,18:00:00,2015,2,0,10.26,7.15,81,8.33,Mostly Clear,1,0
123,18:00:00,2015,0,1,8.97,5.45,79,9.65,Mostly Clear,0,0
124,18:00:00,2015,1,0,9.51,6.47,81,11.38,Mostly Cloudy,0,0
125,18:00:00,2015,0,0,8.42,6.05,85,12.18,Rain Showers,0,0
126,18:00:00,2015,3,1,7.95,6,88,22.07,Mostly Clear,1,0
127,20:30:00,2015,3,1,11.79,7.89,77,23.51,Rain Showers,0,0
128,16:30:00,2015,0,1,5.76,5.03,95,20.37,Cloudy,0,0
129,19:00:00,2015,3,2,8.34,8.14,99,23.06,Scattered Showers,0,1
130,23:00:00,2015,2,0,4.99,2.42,83,12.04,Rain Showers,1,0
131,15:45:00,2015,2,0,21.43,15.47,69,12.96,Mostly Cloudy,0,0
132,18:00:00,2015,1,2,19.67,16.1,80,21.45,Isolated Showers,0,2
133,18:00:00,2015,0,1,21.36,16.97,76,20.41,Rain Showers,0,1
134,18:00:00,2015,2,0,20.04,14.08,69,12.04,Rain Showers,2,0
135,18:00:00,2015,2,2,19.4,18.66,95,12.04,Rain Showers,2,0
136,18:00:00,2015,0,0,18.01,16.97,94,17.48,Rain Showers,0,0
137,20:30:00,2015,1,2,19.43,16.39,83,12.59,Rain Showers,1,2
138,16:30:00,2015,1,0,18.97,7.56,48,8.33,Rain Showers,0,0
139,19:00:00,2015,2,3,18.52,5.8,43,8.33,Mostly Sunny,1,1
140,19:00:00,2015,1,1,14.9,10.05,73,19,Partly Cloudy,0,0
141,15:45:00,2015,4,1,2.04,0.33,88,7.41,Snow Showers,1,1
142,18:00:00,2015,3,1,1.66,-1.63,79,12.04,Rain Showers,1,0
143,18:00:00,2015,2,1,1.16,-0.27,90,11.11,Snow Showers,1,0
144,18:00:00,2015,2,5,0.47,-1.68,85,12.72,Snow Showers,1,2
145,18:00:00,2015,3,2,2.34,-7.2,49,8.72,Mostly Cloudy,1,0
146,18:00:00,2015,3,0,1.78,-1.94,76,12.96,Cloudy,1,0
147,18:00:00,2015,2,2,1.71,0.52,92,8.33,Snow Showers,1,1
148,20:30:00,2015,2,2,2.23,-1.81,75,15,Snow Showers,1,0
149,19:00:00,2015,0,1,10.06,4.44,68,9.26,Mostly Clear,0,0
150,23:00:00,2015,2,3,9.63,7.15,85,7.41,Mostly Clear,1,0
151,15:45:00,2015,2,0,11.43,-0.94,42,4.45,Sunny,0,0
152,18:00:00,2015,0,1,7.04,-0.95,57,2.78,Mostly Sunny,0,0
153,18:00:00,2015,1,1,7.17,4.03,80,3.7,Mostly Sunny,1,1
154,18:00:00,2015,6,1,8.44,0.65,58,5.56,Sunny,1,1
155,18:00:00,2015,1,2,6.73,-1.16,57,6.83,Mostly Clear,0,1
156,18:00:00,2015,2,2,6.54,2.17,74,9.26,Mostly Clear,2,1
157,20:30:00,2015,1,3,5.43,1.41,75,9.26,Mostly Clear,1,1
158,16:30:00,2015,1,1,17.46,9.15,58,19.25,Mostly Sunny,1,1
159,19:00:00,2015,2,2,10.85,8.76,87,18.52,Rain Showers,2,1
160,19:00:00,2015,3,0,18.29,3.06,36,5.56,Mostly Sunny,3,0
161,15:45:00,2015,0,0,16.27,14.93,92,8.33,Isolated Showers,0,0
162,18:00:00,2015,2,2,19.57,13.13,66,5.56,Rain Showers,2,0
163,18:00:00,2015,1,0,15.22,14.7,97,11.11,Rain Showers,0,0
164,18:00:00,2015,2,0,15.75,13.9,89,6.48,Rain Showers,1,0
165,18:00:00,2015,1,3,15.57,14.4,93,6.48,Rain Showers,1,1
166,18:00:00,2015,0,3,15.45,9.45,67,11.59,Isolated Showers,0,2
167,18:00:00,2015,5,1,15.89,12.93,83,10.56,Isolated Showers,4,1
168,20:30:00,2015,0,3,15.69,15,96,5.56,Rain Showers,0,0
169,19:00:00,2015,6,2,11.22,9.24,88,11.02,Rain Showers,3,2
170,23:00:00,2015,0,1,15.67,15.18,97,20.38,Rain Showers,0,1
171,18:00:00,2015,1,2,9.42,9.08,98,8.33,Scattered Showers,0,0
172,18:00:00,2015,1,0,8.73,8.22,97,11.11,Scattered Showers,0,0
173,18:00:00,2015,2,1,12.2,11,92,14.82,Isolated Showers,1,0
174,18:00:00,2015,0,1,11.11,11.11,100,6.93,Scattered Showers,0,0
175,18:00:00,2015,0,2,8.91,7.97,94,7.41,Isolated Showers,0,1
176,20:30:00,2015,2,1,10.74,9.59,93,12.04,Scattered Showers,2,1
177,16:00:00,2015,3,0,8.16,6.32,88,12.96,Partly Cloudy,1,0
178,18:05:00,2015,1,5,9.33,6.13,80,10.19,Rain Showers,1,3
179,18:05:00,2015,0,0,9.42,8.22,92,12.04,Rain Showers,0,0
180,20:15:00,2015,1,1,8.91,0.32,55,12.46,Mostly Cloudy,0,0
181,16:45:00,2015,1,3,12.8787619,7.316987013,71.96796537,9.863056277,NULL,1,1
182,19:00:00,2015,0,0,12.8787619,7.316987013,71.96796537,9.863056277,NULL,0,0
183,19:00:00,2015,2,1,12.8787619,7.316987013,71.96796537,9.863056277,NULL,0,0
184,19:00:00,2015,0,0,12.8787619,7.316987013,71.96796537,9.863056277,NULL,0,0
185,19:00:00,2015,0,3,12.8787619,7.316987013,71.96796537,9.863056277,NULL,0,0
186,19:00:00,2015,2,0,12.8787619,7.316987013,71.96796537,9.863056277,NULL,1,0
187,19:00:00,2015,2,3,12.8787619,7.316987013,71.96796537,9.863056277,NULL,1,0
188,17:30:00,2015,6,2,7.71,6.29,91,12.96,Partly Cloudy,2,1
189,20:00:00,2015,2,0,7.77,2.88,71,18.52,Rain Showers,2,0
190,00:00:00,2015,3,1,5.08,1.63,78,4.23,Mostly Cloudy,2,0
191,16:45:00,2015,0,1,21.83,15.47,67,12.96,Partly Cloudy,0,1
192,19:00:00,2015,2,1,18.35,12.56,69,5.56,Rain Showers,0,0
193,19:00:00,2015,2,0,15.7,12.66,82,17.23,Rain Showers,0,0
194,19:00:00,2015,1,0,23.16,11.19,47,10.9,Rain Showers,0,0
195,19:00:00,2015,1,1,23.32,10.02,43,6.48,Mostly Cloudy,1,1
196,19:00:00,2015,0,1,17.52,11.75,69,9.26,Cloudy,0,0
197,21:30:00,2015,1,0,14.88,14.42,97,14.82,Rain Showers,0,0
198,17:30:00,2015,0,0,19.87,9.18,50,6.08,Mostly Sunny,0,0
199,20:00:00,2015,1,1,18.62,14.12,75,1.85,Rain Showers,0,1
200,20:00:00,2015,1,2,15.65,14.59,93,9.5,Mostly Sunny,1,1
201,16:45:00,2015,1,2,21.71,10.41,49,9.26,Sunny,0,1
202,19:00:00,2015,2,2,17.56,12.24,71,11.45,Mostly Sunny,2,2
203,19:00:00,2015,0,1,16.05,8.44,61,7.41,Sunny,0,1
204,19:00:00,2015,2,1,15.91,11.62,76,8.66,Mostly Sunny,2,1
205,19:00:00,2015,0,3,16.22,8.24,59,13.15,Mostly Sunny,0,1
206,19:00:00,2015,4,0,17.76,10.6,63,10.99,Mostly Sunny,3,0
207,19:00:00,2015,1,0,16.66,9.04,61,5.56,Sunny,0,0
208,21:30:00,2015,1,4,14.53,10.06,75,14.82,Partly Cloudy,1,3
209,20:00:00,2015,4,1,11.41,7.92,79,7.41,Clear,2,0
210,00:00:00,2015,0,1,8.39,5.87,84,15.33,Mostly Clear,0,0
211,19:00:00,2015,2,0,10.66,6.42,75,10.19,Partly Cloudy,0,0
212,19:00:00,2015,2,3,13.09,4.2,55,16.67,Mostly Sunny,1,1
213,19:00:00,2015,3,3,12.21,5.43,63,12.04,Mostly Sunny,0,2
214,19:00:00,2015,5,1,13.94,5.71,58,7.43,Partly Cloudy,3,1
215,19:00:00,2015,3,1,12.33,4.45,59,17.96,Mostly Sunny,2,0
216,21:30:00,2015,1,1,7.52,3.79,77,8.33,Partly Cloudy,1,1
217,16:00:00,2015,0,0,19.01,8.7,51,22.22,Mostly Sunny,0,0
218,18:05:00,2015,1,1,18.87,8.81,52,14.57,Mostly Sunny,1,0
219,20:15:00,2015,1,0,18.16,7.83,51,9.69,Mostly Sunny,0,0
220,20:15:00,2015,1,1,11.75,8.03,78,11.43,Mostly Sunny,1,1
221,16:45:00,2015,2,0,12.95,2.96,51,31.03,Partly Cloudy,2,0
222,19:00:00,2015,0,3,12.29,7.01,70,16.34,Sunny,0,2
223,19:00:00,2015,2,0,16.17,4.56,46,10,Sunny,1,0
224,19:00:00,2015,1,1,13.85,6.19,60,9.26,Sunny,1,1
225,19:00:00,2015,3,1,16.7,0.17,33,6.48,Sunny,1,1
226,19:00:00,2015,0,0,13.46,7.06,65,22.22,Partly Cloudy,0,0
227,19:00:00,2015,1,1,16.37,4.81,46,12.96,Sunny,0,1
228,21:30:00,2015,0,1,11.17,4.18,62,11.11,Clear,0,0
229,20:00:00,2015,2,0,13.96,6.48,61,9.85,Mostly Sunny,0,0
230,00:00:00,2015,1,1,15.04,14.6,97,9.06,Clear,0,0
231,16:45:00,2015,1,1,12.26,9.02,81,40.7,Isolated Showers,0,1
232,19:00:00,2015,2,1,4.86,3.92,94,10.57,Rain Showers,1,0
233,19:00:00,2015,0,1,3.89,3.11,95,10.19,Rain Showers,0,1
234,19:00:00,2015,1,0,12.49,8.5,77,17.59,Rain Showers,1,0
235,19:00:00,2015,0,0,13.3,9.8,79,17.59,Rain Showers,0,0
236,21:30:00,2015,2,1,12.2,9.2,82,18.67,Rain Showers,1,1
237,17:30:00,2015,0,2,4.87,3.31,90,27.22,Isolated Showers,0,2
238,20:00:00,2015,2,2,5.25,3.2,87,14.82,Isolated Showers,1,1
239,20:00:00,2015,1,2,5.82,3.58,85,14.82,Mostly Cloudy,1,0
240,00:00:00,2015,2,1,3.55,1.57,87,7.13,Cloudy,1,0
241,19:00:00,2015,1,2,13.47,10.85,84,11.11,Partly Cloudy,0,0
242,19:00:00,2015,0,2,17.19,7.62,53,9.26,Isolated Showers,0,2
243,19:00:00,2015,1,2,14.12,10.27,78,9.15,Partly Cloudy,0,1
244,19:00:00,2015,3,1,15.78,13.49,86,11.11,Isolated Showers,2,0
244,19:00:00,2015,3,1,15.78,13.49,86,11.11,Isolated Showers,2,0
245,19:00:00,2015,2,3,16.08,7.68,57,11.69,Mostly Sunny,1,1
246,19:00:00,2015,1,2,15.63,10.42,71,6.48,Mostly Sunny,0,1
247,21:30:00,2015,1,1,12.18,9.43,83,9.85,Mostly Clear,1,0
248,17:30:00,2015,3,0,25.08,13.52,49,14.82,Sunny,2,0
249,20:00:00,2015,0,0,17.37,14.89,85,10.23,Rain Showers,0,0
250,00:00:00,2015,2,1,10.61,7.38,80,3.7,Rain Showers,2,0
251,16:45:00,2015,2,0,2.3,1.97,98,16.12,Snow Showers,2,0
252,19:00:00,2015,1,0,3.5,0.36,80,20.37,Mostly Clear,1,0
253,19:00:00,2015,3,0,4.69,3.55,92,13.89,Rain Showers,2,0
254,19:00:00,2015,1,1,2.75,1.72,93,21.21,Snow Showers,0,1
255,19:00:00,2015,0,0,4.44,-0.32,71,19.45,Rain Showers,0,0
256,19:00:00,2015,2,2,4.36,3.32,93,13.89,Rain Showers,1,1
257,19:00:00,2015,1,0,3.47,-4.3,57,14.88,Rain Showers,0,0
258,19:00:00,2015,4,1,3.39,1.54,88,14.82,Snow Showers,3,0
259,21:30:00,2015,0,1,4.19,3.09,93,26.3,Rain Showers,0,0
260,23:45:00,2015,4,0,2.18,-0.55,82,9.01,Snow Showers,1,0
261,19:00:00,2015,1,0,9.68,8.32,91,7.41,Rain Showers,0,0
262,19:00:00,2015,1,2,14.4,8.21,66,14.82,Mostly Cloudy,1,1
263,19:00:00,2015,2,0,12.99,7.01,67,21.9,Rain Showers,1,0
264,19:00:00,2015,0,0,13.84,6.39,61,5.56,Mostly Cloudy,0,0
265,19:00:00,2015,3,4,9.9,-0.43,49,12.79,Partly Cloudy,1,2
266,21:30:00,2015,2,0,12.39,7.06,70,11.5,Rain Showers,1,0
267,21:30:00,2015,0,0,5.59,4.07,90,18.52,Mostly Clear,0,0
268,21:30:00,2015,2,1,12.84,7.01,68,10.99,Rain Showers,0,1
269,23:45:00,2015,0,0,9.45,7.49,88,5.56,Partly Cloudy,0,0
270,23:45:00,2015,0,1,13.7,10.6,82,12.04,Partly Cloudy,0,0
271,16:45:00,2015,2,0,13.91,8.89,72,16.67,Rain Showers,1,0
272,19:00:00,2015,2,1,8.77,3.96,72,14.82,Mostly Cloudy,0,0
273,19:00:00,2015,1,0,12.68,7.05,69,13.89,Partly Cloudy,0,0
274,19:00:00,2015,0,0,8.72,3.81,71,40.04,Partly Cloudy,0,0
275,19:00:00,2015,2,1,10.23,4.41,67,28.48,Cloudy,0,0
276,19:00:00,2015,1,0,11.28,5.48,67,41.11,Mostly Clear,0,0
277,19:00:00,2015,3,1,7.72,2.07,67,24.08,Partly Cloudy,1,0
278,21:30:00,2015,1,2,10,5.23,72,16.67,Mostly Clear,0,0
279,17:30:00,2015,0,3,10.78,7.07,78,12.96,Rain Showers,0,1
280,20:00:00,2015,1,1,8.24,3.79,74,17.72,Isolated Showers,1,1
281,23:45:00,2015,3,3,7.12,6.93,99,28.27,Mostly Clear,1,2
282,23:45:00,2015,1,0,-0.15,-0.23,99,3.7,Mostly Clear,0,0
283,23:45:00,2015,1,3,-2.23,-5.02,81,3.7,Mostly Clear,1,0
284,23:45:00,2015,2,0,5.57,4.78,95,8.33,Rain Showers,1,0
285,23:45:00,2015,3,1,7.71,6.01,89,18.52,Rain Showers,0,0
286,23:45:00,2015,2,4,8.61,8.42,99,11.11,Rain Showers,2,1
287,23:45:00,2015,2,2,5.9,4.37,90,9.26,Rain Showers,1,1
288,23:45:00,2015,0,0,8.38,6.34,87,11.11,Rain Showers,0,0
289,00:00:00,2015,3,3,8.32,3.04,69,9.26,Isolated Showers,2,2
290,00:00:00,2015,0,1,7.88,7.34,96,8.33,Rain Showers,0,0
291,16:45:00,2015,4,1,14.68,6.48,58,6.62,Mostly Sunny,1,1
292,19:00:00,2015,4,0,11.73,7.51,75,8.98,Mostly Cloudy,2,0
293,19:00:00,2015,2,1,10.72,7.71,82,9.26,Mostly Sunny,2,0
294,19:00:00,2015,3,0,10.72,7.98,83,11.11,Partly Cloudy,2,0
295,19:00:00,2015,3,3,12.46,8.23,75,4.63,Mostly Sunny,0,0
296,19:00:00,2015,3,0,12.18,8.05,76,5.56,Partly Cloudy,1,0
297,21:30:00,2015,1,1,9.43,6.79,84,13.21,Mostly Clear,0,1
298,18:05:00,2015,0,1,15.87,8.96,64,6.98,Mostly Sunny,0,0
299,20:15:00,2015,0,0,12.05,7.51,74,7.52,Partly Cloudy,0,0
300,00:00:00,2015,1,0,14.36,12.42,88,13.61,Rain Showers,1,0
301,16:45:00,2015,4,5,12.12,7.87,75,14.82,Cloudy,2,1
302,19:00:00,2015,1,3,8.81,6.57,86,9.26,Mostly Cloudy,1,0
303,19:00:00,2015,0,1,7.43,6.76,96,11.11,Mostly Clear,0,0
304,19:00:00,2015,3,0,8.51,7.61,94,9.26,Partly Cloudy,1,0
305,19:00:00,2015,0,0,7.78,6.69,93,9.26,Clear,0,0
306,19:00:00,2015,1,1,11.01,8.61,85,24.08,Partly Cloudy,1,1
307,19:00:00,2015,2,1,8.54,6.62,88,9.26,Mostly Cloudy,0,0
308,21:30:00,2015,2,2,7.09,6.01,93,7.41,Partly Cloudy,1,1
309,17:30:00,2015,1,2,4.46,-3.88,55,7.41,Mostly Clear,1,2
310,20:00:00,2015,0,1,4.37,2.28,86,16.92,Rain Showers,0,1
311,23:45:00,2015,0,0,9.58,4.23,69,13.89,Partly Cloudy,0,0
312,23:45:00,2015,2,0,7.67,-2.14,50,15.56,Partly Cloudy,0,0
313,23:45:00,2015,0,3,10.46,8.72,89,30.64,Partly Cloudy,0,2
314,23:45:00,2015,0,1,6.61,1.1,68,25.93,Mostly Clear,0,1
315,23:45:00,2015,2,0,10.01,4.18,67,13.89,Partly Cloudy,0,0
316,00:00:00,2015,1,2,7.18,3.97,80,12.04,Rain Showers,1,1
317,00:00:00,2015,3,0,5.23,2.21,81,7.94,Mostly Cloudy,2,0
318,00:00:00,2015,1,1,3.47,2.3,92,9.37,Rain Showers,0,0
319,23:45:00,2015,3,0,3.64,0.17,78,13.47,Mostly Cloudy,1,0
320,23:45:00,2015,0,0,7.83,5.22,84,12.96,Rain Showers,0,0
321,16:45:00,2015,1,3,19.08,7.55,47,8.52,Mostly Sunny,0,1
322,19:00:00,2015,1,0,10.69,5.46,70,17.65,Partly Cloudy,1,0
323,19:00:00,2015,0,3,13.03,9.07,77,5.56,Mostly Sunny,0,3
324,19:00:00,2015,1,0,11.48,8.84,84,9.26,Cloudy,0,0
325,19:00:00,2015,1,1,17.92,12,68,5.56,Sunny,1,0
326,19:00:00,2015,2,0,12.37,8.24,76,16.63,Partly Cloudy,1,0
327,19:00:00,2015,2,2,15.96,8.66,62,11.11,Mostly Sunny,0,0
328,21:30:00,2015,1,0,11.19,6.13,71,7.41,Mostly Cloudy,1,0
329,17:30:00,2015,0,2,20.01,9.6,51,12.96,Partly Cloudy,0,2
330,20:00:00,2015,1,1,16.94,9.12,60,7.53,Partly Cloudy,0,0
331,16:45:00,2015,2,1,2.25,0.1,86,13.89,Clear,1,1
332,19:00:00,2015,0,1,-0.13,-2.02,87,9.26,Clear,0,0
333,19:00:00,2015,2,2,-0.17,-1.06,94,12.23,Mostly Clear,0,0
334,19:00:00,2015,0,1,2.55,-4.16,61,6.48,Clear,0,1
335,19:00:00,2015,1,2,-0.28,-2.1,87,12.96,Clear,1,1
336,19:00:00,2015,1,3,1.08,-2.45,77,9.26,Clear,0,1
337,21:30:00,2015,5,1,-1.59,-2.49,94,11.11,Clear,3,0
338,16:00:00,2015,2,1,11.58,9.2,85,15.74,Rain Showers,0,1
339,18:05:00,2015,0,6,10.78,8.22,84,31.48,Mostly Cloudy,0,2
340,20:15:00,2015,1,2,11.19,7.2,76,21.3,Rain Showers,0,0
341,16:45:00,2015,1,0,-1.08,-2.18,92,12.04,Snow Showers,1,0
342,19:00:00,2015,0,0,-1.16,-1.95,94,12.04,Snow Showers,0,0
343,19:00:00,2015,1,0,-3.35,-4.77,90,20.22,Snow Showers,0,0
344,19:00:00,2015,1,2,-0.89,-4.35,77,13.89,Rain Showers,1,0
345,19:00:00,2015,2,1,-1.75,-3.81,86,15.74,Snow Showers,0,0
346,21:30:00,2015,3,2,-3.19,-3.55,97,14.82,Light Snow,3,0
347,18:05:00,2015,2,1,10.36,8.75,90,9.26,Cloudy,0,1
348,18:05:00,2015,3,2,7.6,7.53,100,12.96,Isolated Showers,2,1
349,23:45:00,2015,1,3,8.63,8.63,100,4.26,Rain Showers,0,2
350,23:45:00,2015,2,0,8.31,4.09,75,17.59,Rain Showers,1,0
351,23:45:00,2015,2,2,7.7,7.53,99,9.28,Rain Showers,2,1
352,23:45:00,2015,2,2,7.94,7.24,95,14.82,Isolated Showers,1,0
353,23:45:00,2015,1,2,9.38,9.38,100,6.48,Rain Showers,0,2
354,23:45:00,2015,1,0,5.61,2.4,80,7.41,Mostly Clear,1,0
355,23:45:00,2015,1,2,5.32,2.39,81,7.41,Mostly Clear,1,1
356,23:45:00,2015,1,0,2.43,0.75,89,7.41,Partly Cloudy,0,0
357,00:00:00,2015,3,0,6.33,2.35,76,27.56,Isolated Showers,2,0
358,00:00:00,2015,1,0,5.66,0.92,72,20.6,Rain Showers,0,0
359,16:45:00,2015,2,2,14.54,2.89,45,5.56,Cloudy,0,1
360,19:00:00,2015,1,1,13.96,1.76,44,6.67,Mostly Sunny,0,0
361,19:00:00,2015,1,0,11.09,6.25,72,14.87,Partly Cloudy,0,0
362,19:00:00,2015,1,1,13.26,4.52,55,3.7,Mostly Cloudy,1,0
363,19:00:00,2015,2,3,12.72,5.02,59,8.92,Partly Cloudy,1,0
364,19:00:00,2015,4,0,12.31,1.73,48,5.56,Cloudy,0,0
365,19:00:00,2015,1,3,10.17,3.19,62,19.45,Mostly Sunny,0,1
366,21:30:00,2015,0,1,9.04,4.99,76,7.41,Partly Cloudy,0,0
367,17:30:00,2015,1,2,13.67,9.86,78,5.56,Rain Showers,0,0
368,20:00:00,2015,1,0,15.21,10.82,75,7.41,Rain Showers,0,0
369,16:45:00,2015,0,0,5.83,2.94,82,9.47,Mostly Cloudy,0,0
370,19:00:00,2015,1,2,5,2.47,84,12.96,Partly Cloudy,0,2
371,19:00:00,2015,3,2,4.36,-0.94,68,16.67,Clear,1,1
372,20:00:00,2015,0,2,4.77,2.08,83,16.21,Rain Showers,0,1
373,00:00:00,2015,1,0,8.37,6.29,87,24.71,Mostly Cloudy,1,0
374,16:45:00,2015,0,2,18.41,10.73,61,13.12,Partly Cloudy,0,2
375,19:00:00,2015,0,1,22.78,11.42,49,7.45,Mostly Sunny,0,1
376,19:00:00,2015,2,2,23.99,13.96,53,9.68,Mostly Sunny,1,1
377,19:00:00,2015,1,2,23.19,14.05,56,7.41,Rain Showers,0,1
378,19:00:00,2015,0,1,19.97,13.74,67,7.41,Partly Cloudy,0,0
379,21:30:00,2015,1,0,16.66,15.02,90,9.26,Rain Showers,0,0
380,17:30:00,2015,3,2,19.39,12.73,65,16.17,Rain Showers,0,2
381,17:30:00,2015,1,1,19.1,12.96,68,29.94,Mostly Sunny,0,1
382,20:00:00,2015,0,1,17.28,14.16,82,10.19,Rain Showers,0,1
383,20:00:00,2015,3,0,18.54,13.81,74,14.29,Rain Showers,2,0
384,15:45:00,2015,0,4,11.33,8.86,85,14.05,Partly Cloudy,0,2
385,18:00:00,2015,4,0,11.84,8.86,82,12.96,Mostly Clear,2,0
386,18:00:00,2015,0,4,10.75,7.61,81,11.11,Rain Showers,0,3
387,18:00:00,2015,3,2,7.99,5.44,84,3.92,Rain Showers,1,0
388,18:00:00,2015,2,2,9.44,9.29,99,14.82,Rain Showers,1,0
389,18:00:00,2015,0,0,8.07,6.53,90,14.82,Mostly Cloudy,0,0
390,18:00:00,2015,2,2,12.2,8.88,80,12.96,Mostly Clear,2,1
391,20:30:00,2015,1,1,9.99,7.97,87,9.26,Isolated Showers,0,0
392,16:30:00,2015,1,0,1.98,-0.76,82,3.89,Partly Cloudy,1,0
393,19:00:00,2015,1,0,3.95,2.27,89,8.33,Rain Showers,0,0
394,15:45:00,2015,3,3,20.05,13.71,67,7.41,Rain Showers,2,2
395,18:00:00,2015,1,1,19.47,14.27,72,9.26,Mostly Cloudy,1,1
396,18:00:00,2015,3,1,18.3,12.4,68,8.15,Partly Cloudy,2,0
397,18:00:00,2015,1,0,18.15,14.76,81,12.96,Rain Showers,1,0
398,18:00:00,2015,1,2,18.42,12.31,68,13.45,Rain Showers,0,1
399,18:00:00,2015,1,0,18.78,13.05,69,6.86,Mostly Cloudy,0,0
400,20:30:00,2015,2,1,15.51,11.98,80,5.56,Mostly Clear,1,1
401,16:30:00,2015,0,2,15,12.14,83,12.96,Partly Cloudy,0,0
402,19:00:00,2015,3,0,15.19,11.39,78,9.26,Mostly Clear,0,0
403,19:00:00,2015,4,1,16.09,7.21,56,11.04,Mostly Clear,2,1
404,23:00:00,2015,0,0,-1.81,-4.92,79,14.82,Mostly Clear,0,0
405,15:45:00,2015,0,3,11.8,8.54,80,16.67,Rain Showers,0,1
406,18:00:00,2015,1,0,12.4,4.44,58,11.11,Mostly Cloudy,1,0
407,18:00:00,2015,1,1,11.74,5.78,67,15.24,Mostly Sunny,0,0
408,18:00:00,2015,3,0,11.23,4.21,62,18.92,Partly Cloudy,1,0
409,18:00:00,2015,0,1,10.89,5.02,67,10.69,Mostly Sunny,0,1
410,20:30:00,2015,0,3,10.82,9.22,90,5.56,Rain Showers,0,1
411,16:30:00,2015,2,2,13.43,6.08,61,13.15,Mostly Sunny,1,0
412,16:30:00,2015,1,2,15.55,5.49,51,11.19,Partly Cloudy,0,2
413,19:00:00,2015,1,1,10.98,6.97,76,13.78,Rain Showers,1,0
414,23:00:00,2015,0,4,10.14,8.3,88,9.26,Mostly Clear,0,1
415,22:45:00,2015,1,1,12.33,12.27,100,14.63,Rain Showers,1,1
416,22:45:00,2015,3,1,17.28,13.43,78,7.41,Mostly Clear,2,0
417,23:00:00,2015,2,0,14.02,10.88,81,7.41,Mostly Clear,1,0
418,23:00:00,2015,4,0,15.63,4.38,47,6.37,Mostly Clear,2,0
419,22:45:00,2015,2,0,17.63,15.8,89,5.56,Rain Showers,2,0
420,15:45:00,2015,4,0,6.32,4.41,88,18.52,Sunny,2,0
421,18:00:00,2015,2,4,5.41,4.37,93,9.26,Mostly Clear,1,2
422,18:00:00,2015,1,4,10.01,6.29,78,27.78,Mostly Cloudy,1,2
423,18:00:00,2015,2,2,7.3,4.5,82,14.82,Partly Cloudy,2,0
424,17:05:00,2015,0,0,6.7,5.45,92,12.04,Partly Cloudy,0,0
425,19:15:00,2015,4,0,6.64,5.11,90,6.48,Rain Showers,2,0
426,23:00:00,2015,1,1,6.32,4.43,88,16.67,Mostly Cloudy,1,0
427,18:00:00,2015,1,1,12.8787619,7.316987013,71.96796537,9.863056277,NULL,0,0
428,18:00:00,2015,1,0,12.8787619,7.316987013,71.96796537,9.863056277,NULL,0,0
429,18:00:00,2015,2,1,12.8787619,7.316987013,71.96796537,9.863056277,NULL,1,1
430,18:00:00,2015,3,2,12.8787619,7.316987013,71.96796537,9.863056277,NULL,1,1
431,18:00:00,2015,0,3,12.8787619,7.316987013,71.96796537,9.863056277,NULL,0,2
432,20:30:00,2015,1,0,12.8787619,7.316987013,71.96796537,9.863056277,NULL,0,0
433,15:00:00,2015,3,1,8.05,6.97,93,7.62,Isolated Showers,2,0
434,17:05:00,2015,1,1,8.03,6.87,92,7.41,Rain Showers,1,1
435,19:30:00,2015,4,2,5.39,4.96,97,9.26,Mostly Clear,2,1
436,23:00:00,2015,2,2,9.12,6.71,85,15.74,Rain Showers,0,2
437,15:45:00,2015,0,1,18.45,11.37,63,12.86,Partly Cloudy,0,0
438,18:00:00,2015,2,1,21.37,9.73,47,8.16,Rain Showers,0,1
439,18:00:00,2015,1,4,20.01,10.11,53,5.8,Rain Showers,0,2
440,18:00:00,2015,0,0,16.7,8.37,58,16.67,Mostly Cloudy,0,0
441,18:00:00,2015,1,1,22.21,8.36,41,8.33,Partly Cloudy,0,1
442,18:00:00,2015,3,2,16.11,11.31,73,16.67,Mostly Sunny,1,2
443,20:30:00,2015,3,1,12.73,7.8,72,11.11,Partly Cloudy,2,0
444,16:30:00,2015,1,2,22.81,11.92,50,4.63,Rain Showers,1,1
445,19:00:00,2015,2,0,17.98,12.15,69,6.04,Partly Cloudy,1,0
446,19:00:00,2015,2,2,20.19,11.36,57,7.41,Mostly Cloudy,1,1
447,23:30:00,2015,3,2,14.43,10.79,79,6.48,Clear,1,0
448,22:45:00,2015,4,2,4.87,2.92,87,19.85,Isolated Showers,3,1
449,22:45:00,2015,3,0,4.65,2.52,86,17.59,Isolated Showers,2,0
450,23:00:00,2015,1,1,4.75,-0.01,71,10.19,Mostly Cloudy,0,1
451,18:00:00,2015,4,0,6.94,4.9,87,17.37,Rain Showers,1,0
452,18:00:00,2015,1,1,5.94,4.49,90,13.48,Rain Showers,0,0
453,18:00:00,2015,3,0,4.41,-1.04,68,13.68,Isolated Showers,2,0
454,18:00:00,2015,5,1,5.1,2.35,82,3.8,Mostly Clear,2,0
455,18:00:00,2015,4,1,6.65,4.65,87,18.52,Isolated Showers,1,0
456,18:00:00,2015,2,1,4.12,3.02,93,14.82,Isolated Showers,0,1
457,18:00:00,2015,1,1,6.88,5.43,90,21.3,Rain Showers,1,1
458,18:00:00,2015,2,2,6.16,4.77,91,9.26,Rain Showers,0,1
459,18:00:00,2015,1,1,5.59,4.3,91,6.51,Rain Showers,1,1
460,23:00:00,2015,3,1,8.5,3.58,71,11.11,Mostly Clear,1,0
461,15:30:00,2016,2,1,7.86,6.61,92,4.63,Sunny,1,0
462,18:00:00,2016,0,1,8.58,7.83,95,3.7,Rain Showers,0,0
463,18:00:00,2016,1,1,8.83,3.38,69,7.41,Mostly Cloudy,1,0
464,18:00:00,2016,0,1,6.76,6.53,98,5.56,Rain Showers,0,0
465,18:00:00,2016,1,1,5.66,5.14,96,4.63,Mostly Cloudy,1,0
466,18:00:00,2016,1,1,9.37,9.08,98,3.7,Rain Showers,0,1
467,20:30:00,2016,2,1,8.07,7.8,98,11.11,Mostly Cloudy,1,0
468,16:30:00,2016,1,3,6.64,2.21,73,4.63,Rain Showers,0,1
469,19:00:00,2016,3,4,3.26,0.29,81,5.56,Cloudy,1,1
470,23:00:00,2016,2,1,8.42,7.57,94,11.11,Mostly Cloudy,0,0
471,23:00:00,2016,2,0,15.94,11.06,73,1.85,Mostly Clear,1,0
472,15:30:00,2016,1,4,14.85,13.11,89,16.67,Partly Cloudy,0,2
473,18:00:00,2016,2,0,11.61,10.47,93,14.82,Isolated Showers,2,0
474,18:00:00,2016,0,2,16.06,11.14,73,8.62,Mostly Cloudy,0,0
475,18:00:00,2016,1,0,15.24,12.3,83,14.87,Rain Showers,0,0
476,18:00:00,2016,1,2,14.41,12.55,89,6.48,Rain Showers,0,0
477,18:00:00,2016,1,2,15.21,11.4,78,14.82,Mostly Cloudy,1,1
478,20:30:00,2016,0,0,11.6,10.72,94,7.41,Isolated Showers,0,0
479,16:30:00,2016,1,2,15.79,10.81,72,9.26,Partly Cloudy,0,2
480,19:00:00,2016,1,0,13.98,11.79,87,13.89,Mostly Cloudy,0,0
481,15:30:00,2016,1,1,9.01,0.89,57,10.48,Mostly Sunny,0,1
482,18:00:00,2016,1,3,7.55,1.02,63,6.53,Mostly Clear,0,3
483,18:00:00,2016,2,1,5.62,2.95,83,8.98,Mostly Cloudy,1,0
484,18:00:00,2016,1,1,7.37,-0.03,59,9.75,Mostly Clear,0,0
485,18:00:00,2016,3,0,7.59,1.15,64,9.02,Mostly Clear,2,0
486,18:00:00,2016,1,1,6.8,-1.58,55,14.82,Mostly Clear,0,1
487,18:00:00,2016,1,0,5.71,-2.86,54,9.6,Mostly Cloudy,0,0
488,20:30:00,2016,0,1,5.06,2.7,85,7.16,Mostly Cloudy,0,0
489,16:30:00,2016,0,0,11.3,6.11,70,3.7,Rain Showers,0,0
490,19:00:00,2016,3,1,13.98,6.94,63,7.41,Rain Showers,2,0
491,15:30:00,2016,1,2,13.29,6.21,62,7.41,Mostly Sunny,1,2
492,18:00:00,2016,1,2,11.26,8,80,4.63,Mostly Sunny,1,1
493,18:00:00,2016,0,4,11.32,6.81,74,6.32,Rain Showers,0,1
494,18:00:00,2016,2,1,12.45,7.88,74,4.63,Rain Showers,1,1
495,18:00:00,2016,1,0,13.87,6.78,62,7.41,Mostly Sunny,0,0
496,18:00:00,2016,1,1,9.33,6.81,84,9.26,Rain Showers,0,0
497,18:00:00,2016,2,4,12.82,7.87,72,4.63,Mostly Sunny,2,2
498,20:30:00,2016,4,1,10.85,1.86,54,7.41,Mostly Clear,2,1
499,19:00:00,2016,2,2,6.67,5.41,92,22.22,Clear,0,1
500,23:00:00,2016,0,3,10.49,8.41,87,22.22,Partly Cloudy,0,0
501,23:00:00,2016,1,2,12.51,8.84,78,8.33,Mostly Clear,0,2
502,18:00:00,2016,1,4,9.94,3.26,63,3.83,Mostly Cloudy,0,1
503,18:00:00,2016,3,0,10.47,4.6,67,9.26,Mostly Cloudy,1,0
504,18:00:00,2016,4,0,20.09,3.04,32,2.78,Mostly Sunny,2,0
505,18:00:00,2016,4,2,12.56,4.52,58,4.63,Partly Cloudy,3,0
506,20:30:00,2016,3,1,9.93,4.76,70,6.13,Mostly Clear,3,1
507,15:00:00,2016,3,1,20.27,12.35,60,14.35,Isolated Showers,1,0
508,17:15:00,2016,4,1,19.5,11.38,59,10.19,Rain Showers,2,0
509,17:15:00,2016,1,0,19.44,10.1,55,15.6,Partly Cloudy,0,0
510,19:30:00,2016,1,0,18.88,11.43,62,5.56,Mostly Sunny,0,0
511,15:30:00,2016,4,1,1.37,1.07,98,6.48,Light Snow,4,0
512,18:00:00,2016,1,2,0.3,-2.46,82,7.41,Mostly Clear,0,2
513,18:00:00,2016,1,1,0.54,0.22,98,16.67,Snow Showers,0,0
514,18:00:00,2016,2,3,0.7,-2,82,11,Clear,1,0
515,15:00:00,2016,1,3,2.66,1.78,94,11.11,Cloudy,1,1
516,18:00:00,2016,5,1,1.97,-3.58,67,7.41,Rain Showers,3,0
517,18:00:00,2016,1,0,2.74,-1.82,72,7.41,Rain Showers,1,0
518,20:30:00,2016,3,0,2.11,-2.04,74,13.05,Mostly Clear,3,0
519,19:00:00,2016,0,3,6.71,5.61,93,6.48,Rain Showers,0,1
520,23:00:00,2016,2,0,-0.35,-1.62,91,11.11,Mostly Clear,1,0
521,23:00:00,2016,1,1,12.8787619,7.316987013,71.96796537,9.863056277,NULL,1,0
522,15:30:00,2016,1,2,7,4.8,86,17.33,Isolated Showers,1,0
523,18:00:00,2016,1,1,4.9,2.78,86,35.19,Partly Cloudy,0,1
524,18:00:00,2016,0,2,4.1,2.36,88,25.93,Partly Cloudy,0,0
525,18:00:00,2016,2,2,5.61,3.9,89,8.33,Partly Cloudy,0,1
526,18:00:00,2016,1,1,5.64,3.24,85,7.41,Mostly Clear,0,0
527,15:00:00,2016,1,1,7.85,1.19,63,17.13,Mostly Sunny,0,0
528,17:15:00,2016,0,0,4.61,-2.85,58,8.33,Sunny,0,0
529,17:15:00,2016,2,0,7.28,2.12,70,8.04,Partly Cloudy,2,0
530,19:30:00,2016,0,1,1.84,0.56,91,16.67,Partly Cloudy,0,0
531,15:30:00,2016,3,0,11.28,9.48,89,12.96,Mostly Cloudy,2,0
532,18:00:00,2016,3,2,11.5,9.42,87,10.13,Rain Showers,2,1
533,18:00:00,2016,6,1,10.58,8.61,88,12.96,Rain Showers,3,1
534,18:00:00,2016,1,1,11.72,9.43,86,9.26,Mostly Cloudy,0,0
535,18:00:00,2016,2,0,10.6,8.49,87,11.11,Mostly Cloudy,2,0
536,18:00:00,2016,1,1,10.86,8.74,87,9.26,Rain Showers,0,0
537,20:30:00,2016,0,1,9.62,7.87,89,6.48,Rain Showers,0,1
538,16:30:00,2016,0,1,11.09,1.4,51,4.63,Rain Showers,0,0
539,19:00:00,2016,3,1,11.77,1.23,48,8.33,Mostly Sunny,0,0
540,23:00:00,2016,0,0,9.75,0.24,52,7.41,Mostly Clear,0,0
541,15:30:00,2016,0,0,16.68,13.55,82,12.96,Rain Showers,0,0
542,18:00:00,2016,1,0,16.1,13.19,83,8.33,Rain Showers,0,0
543,18:00:00,2016,0,0,15.22,12.79,85,12.04,Rain Showers,0,0
544,18:00:00,2016,3,1,14.56,10.56,77,12.42,Rain Showers,1,0
545,18:00:00,2016,0,2,16.72,11.27,70,8.33,Rain Showers,0,1
546,18:00:00,2016,2,1,12.28,9.64,84,10.19,Rain Showers,1,0
547,18:00:00,2016,0,0,15.89,13.09,83,8.33,Rain Showers,0,0
548,20:30:00,2016,2,1,13.32,4.01,53,9.26,Rain Showers,2,0
549,16:30:00,2016,1,1,9.02,5.04,76,12.04,Rain Showers,0,1
550,19:00:00,2016,4,0,6.24,2.46,77,14.82,Partly Cloudy,2,0
